<annotation>
  <folder>data</folder>
  <filename>data_grieta636.jpg</filename>
  <source>
    <database>Unknown</database>
    <annotation>Unknown</annotation>
    <image>Unknown</image>
  </source>
  <size>
    <width>416</width>
    <height>416</height>
    <depth />
  </size>
  <segmented>0</segmented>
  <object>
    <name>grietas</name>
    <truncated>0</truncated>
    <occluded>0</occluded>
    <difficult>0</difficult>
    <bndbox>
      <xmin>372.04</xmin>
      <ymin>115.3</ymin>
      <xmax>406.36</xmax>
      <ymax>196.3</ymax>
    </bndbox>
    <attributes>
      <attribute>
        <name>rotation</name>
        <value>0.0</value>
      </attribute>
    </attributes>
  </object>
  <object>
    <name>grietas</name>
    <truncated>0</truncated>
    <occluded>0</occluded>
    <difficult>0</difficult>
    <bndbox>
      <xmin>326.04</xmin>
      <ymin>175.71</ymin>
      <xmax>381.65</xmax>
      <ymax>225.13</ymax>
    </bndbox>
    <attributes>
      <attribute>
        <name>rotation</name>
        <value>0.0</value>
      </attribute>
    </attributes>
  </object>
</annotation>