<annotation>
  <folder>data</folder>
  <filename>data_grieta325.jpg</filename>
  <source>
    <database>Unknown</database>
    <annotation>Unknown</annotation>
    <image>Unknown</image>
  </source>
  <size>
    <width>416</width>
    <height>416</height>
    <depth />
  </size>
  <segmented>0</segmented>
  <object>
    <name>grietas</name>
    <truncated>0</truncated>
    <occluded>0</occluded>
    <difficult>0</difficult>
    <bndbox>
      <xmin>328.79</xmin>
      <ymin>172.96</ymin>
      <xmax>409.11</xmax>
      <ymax>203.17</ymax>
    </bndbox>
    <attributes>
      <attribute>
        <name>rotation</name>
        <value>0.0</value>
      </attribute>
    </attributes>
  </object>
</annotation>