<annotation>
  <folder>FALLASUNION</folder>
  <filename>FALLASUNION_EXTRA5.jpg</filename>
  <source>
    <database>Unknown</database>
    <annotation>Unknown</annotation>
    <image>Unknown</image>
  </source>
  <size>
    <width>292</width>
    <height>292</height>
    <depth></depth>
  </size>
  <segmented>0</segmented>
  <object>
    <name>Fallas en Uniones</name>
    <truncated>0</truncated>
    <occluded>0</occluded>
    <difficult>0</difficult>
    <bndbox>
      <xmin>38.03</xmin>
      <ymin>23.1</ymin>
      <xmax>254.91</xmax>
      <ymax>134.93</ymax>
    </bndbox>
    <attributes>
      <attribute>
        <name>rotation</name>
        <value>0.0</value>
      </attribute>
    </attributes>
  </object>
</annotation>
