<annotation>
  <folder>DATA2</folder>
  <filename>DATA2_FALLAUNIONES_TEST7.jpg</filename>
  <source>
    <database>Unknown</database>
    <annotation>Unknown</annotation>
    <image>Unknown</image>
  </source>
  <size>
    <width>640</width>
    <height>640</height>
    <depth></depth>
  </size>
  <segmented>0</segmented>
  <object>
    <name>Fallas en Uniones</name>
    <truncated>0</truncated>
    <occluded>0</occluded>
    <difficult>0</difficult>
    <bndbox>
      <xmin>115.1</xmin>
      <ymin>145.73</ymin>
      <xmax>563.95</xmax>
      <ymax>256.62</ymax>
    </bndbox>
    <attributes>
      <attribute>
        <name>rotation</name>
        <value>0.0</value>
      </attribute>
    </attributes>
  </object>
  <object>
    <name>Fallas en Uniones</name>
    <truncated>0</truncated>
    <occluded>0</occluded>
    <difficult>0</difficult>
    <bndbox>
      <xmin>260.84</xmin>
      <ymin>273.52</ymin>
      <xmax>419.26</xmax>
      <ymax>321.04</ymax>
    </bndbox>
    <attributes>
      <attribute>
        <name>rotation</name>
        <value>0.0</value>
      </attribute>
    </attributes>
  </object>
</annotation>
