<annotation>
  <folder>DATA1</folder>
  <filename>DATA1_FALLAUNIONES_TRAIN11.jpg</filename>
  <source>
    <database>Unknown</database>
    <annotation>Unknown</annotation>
    <image>Unknown</image>
  </source>
  <size>
    <width>416</width>
    <height>416</height>
    <depth></depth>
  </size>
  <segmented>0</segmented>
  <object>
    <name>Fallas en Uniones</name>
    <truncated>0</truncated>
    <occluded>0</occluded>
    <difficult>0</difficult>
    <bndbox>
      <xmin>15.76</xmin>
      <ymin>204.54</ymin>
      <xmax>144.82</xmax>
      <ymax>358.31</ymax>
    </bndbox>
    <attributes>
      <attribute>
        <name>rotation</name>
        <value>0.0</value>
      </attribute>
    </attributes>
  </object>
  <object>
    <name>Fallas en Uniones</name>
    <truncated>0</truncated>
    <occluded>0</occluded>
    <difficult>0</difficult>
    <bndbox>
      <xmin>341.83</xmin>
      <ymin>238.18</ymin>
      <xmax>400.87</xmax>
      <ymax>330.85</ymax>
    </bndbox>
    <attributes>
      <attribute>
        <name>rotation</name>
        <value>0.0</value>
      </attribute>
    </attributes>
  </object>
</annotation>
