<annotation>
  <folder>DATA1</folder>
  <filename>DATA1_FALLAUNIONES_VALID33.jpg</filename>
  <source>
    <database>Unknown</database>
    <annotation>Unknown</annotation>
    <image>Unknown</image>
  </source>
  <size>
    <width>416</width>
    <height>416</height>
    <depth></depth>
  </size>
  <segmented>0</segmented>
  <object>
    <name>Fallas en Uniones</name>
    <truncated>0</truncated>
    <occluded>0</occluded>
    <difficult>0</difficult>
    <bndbox>
      <xmin>159.23</xmin>
      <ymin>80.94</ymin>
      <xmax>319.18</xmax>
      <ymax>154.43</ymax>
    </bndbox>
    <attributes>
      <attribute>
        <name>rotation</name>
        <value>0.0</value>
      </attribute>
    </attributes>
  </object>
  <object>
    <name>Fallas en Uniones</name>
    <truncated>0</truncated>
    <occluded>0</occluded>
    <difficult>0</difficult>
    <bndbox>
      <xmin>41.16</xmin>
      <ymin>232.0</ymin>
      <xmax>102.25</xmax>
      <ymax>341.83</ymax>
    </bndbox>
    <attributes>
      <attribute>
        <name>rotation</name>
        <value>0.0</value>
      </attribute>
    </attributes>
  </object>
  <object>
    <name>Fallas en Uniones</name>
    <truncated>0</truncated>
    <occluded>0</occluded>
    <difficult>0</difficult>
    <bndbox>
      <xmin>16.45</xmin>
      <ymin>85.09</ymin>
      <xmax>54.89</xmax>
      <ymax>127.65</ymax>
    </bndbox>
    <attributes>
      <attribute>
        <name>rotation</name>
        <value>0.0</value>
      </attribute>
    </attributes>
  </object>
</annotation>
