<annotation>
  <folder>DATA3</folder>
  <filename>DATA3_FALLAUNIONES_VALID13.jpg</filename>
  <source>
    <database>Unknown</database>
    <annotation>Unknown</annotation>
    <image>Unknown</image>
  </source>
  <size>
    <width>416</width>
    <height>416</height>
    <depth></depth>
  </size>
  <segmented>0</segmented>
  <object>
    <name>Fallas en Uniones</name>
    <truncated>0</truncated>
    <occluded>0</occluded>
    <difficult>0</difficult>
    <bndbox>
      <xmin>188.75</xmin>
      <ymin>15.76</ymin>
      <xmax>344.58</xmax>
      <ymax>84.41</ymax>
    </bndbox>
    <attributes>
      <attribute>
        <name>rotation</name>
        <value>0.0</value>
      </attribute>
    </attributes>
  </object>
  <object>
    <name>Fallas en Uniones</name>
    <truncated>0</truncated>
    <occluded>0</occluded>
    <difficult>0</difficult>
    <bndbox>
      <xmin>207.28</xmin>
      <ymin>148.93</ymin>
      <xmax>302.02</xmax>
      <ymax>273.87</ymax>
    </bndbox>
    <attributes>
      <attribute>
        <name>rotation</name>
        <value>0.0</value>
      </attribute>
    </attributes>
  </object>
  <object>
    <name>Fallas en Uniones</name>
    <truncated>0</truncated>
    <occluded>0</occluded>
    <difficult>0</difficult>
    <bndbox>
      <xmin>98.82</xmin>
      <ymin>89.9</ymin>
      <xmax>181.88</xmax>
      <ymax>306.82</ymax>
    </bndbox>
    <attributes>
      <attribute>
        <name>rotation</name>
        <value>0.0</value>
      </attribute>
    </attributes>
  </object>
</annotation>
