<annotation>
  <folder>DATA3</folder>
  <filename>DATA3_TUBERIASINCRUSTADAS_TRAIN120.jpg</filename>
  <source>
    <database>Unknown</database>
    <annotation>Unknown</annotation>
    <image>Unknown</image>
  </source>
  <size>
    <width>416</width>
    <height>416</height>
    <depth></depth>
  </size>
  <segmented>0</segmented>
  <object>
    <name>TUBERIA INCRUSTADA</name>
    <truncated>0</truncated>
    <occluded>0</occluded>
    <difficult>0</difficult>
    <bndbox>
      <xmin>277.69</xmin>
      <ymin>240.96</ymin>
      <xmax>333.98</xmax>
      <ymax>274.6</ymax>
    </bndbox>
    <attributes>
      <attribute>
        <name>rotation</name>
        <value>0.0</value>
      </attribute>
    </attributes>
  </object>
  <object>
    <name>TUBERIA INCRUSTADA</name>
    <truncated>0</truncated>
    <occluded>0</occluded>
    <difficult>0</difficult>
    <bndbox>
      <xmin>163.04</xmin>
      <ymin>261.55</ymin>
      <xmax>252.97</xmax>
      <ymax>297.94</ymax>
    </bndbox>
    <attributes>
      <attribute>
        <name>rotation</name>
        <value>0.0</value>
      </attribute>
    </attributes>
  </object>
  <object>
    <name>TUBERIA INCRUSTADA</name>
    <truncated>0</truncated>
    <occluded>0</occluded>
    <difficult>0</difficult>
    <bndbox>
      <xmin>74.49</xmin>
      <ymin>223.11</ymin>
      <xmax>101.95</xmax>
      <ymax>246.45</ymax>
    </bndbox>
    <attributes>
      <attribute>
        <name>rotation</name>
        <value>0.0</value>
      </attribute>
    </attributes>
  </object>
  <object>
    <name>TUBERIA INCRUSTADA</name>
    <truncated>0</truncated>
    <occluded>0</occluded>
    <difficult>0</difficult>
    <bndbox>
      <xmin>133.53</xmin>
      <ymin>209.38</ymin>
      <xmax>152.75</xmax>
      <ymax>222.42</ymax>
    </bndbox>
    <attributes>
      <attribute>
        <name>rotation</name>
        <value>0.0</value>
      </attribute>
    </attributes>
  </object>
</annotation>
