<annotation>
  <folder>DATA3</folder>
  <filename>DATA3_TUBERIASINCRUSTADAS_TRAIN121.jpg</filename>
  <source>
    <database>Unknown</database>
    <annotation>Unknown</annotation>
    <image>Unknown</image>
  </source>
  <size>
    <width>416</width>
    <height>416</height>
    <depth></depth>
  </size>
  <segmented>0</segmented>
  <object>
    <name>TUBERIA INCRUSTADA</name>
    <truncated>0</truncated>
    <occluded>0</occluded>
    <difficult>0</difficult>
    <bndbox>
      <xmin>128.04</xmin>
      <ymin>199.08</ymin>
      <xmax>152.75</xmax>
      <ymax>217.62</ymax>
    </bndbox>
    <attributes>
      <attribute>
        <name>rotation</name>
        <value>0.0</value>
      </attribute>
    </attributes>
  </object>
  <object>
    <name>TUBERIA INCRUSTADA</name>
    <truncated>0</truncated>
    <occluded>0</occluded>
    <difficult>0</difficult>
    <bndbox>
      <xmin>283.18</xmin>
      <ymin>229.98</ymin>
      <xmax>355.26</xmax>
      <ymax>270.48</ymax>
    </bndbox>
    <attributes>
      <attribute>
        <name>rotation</name>
        <value>0.0</value>
      </attribute>
    </attributes>
  </object>
  <object>
    <name>TUBERIA INCRUSTADA</name>
    <truncated>0</truncated>
    <occluded>0</occluded>
    <difficult>0</difficult>
    <bndbox>
      <xmin>164.42</xmin>
      <ymin>260.87</ymin>
      <xmax>252.29</xmax>
      <ymax>295.88</ymax>
    </bndbox>
    <attributes>
      <attribute>
        <name>rotation</name>
        <value>0.0</value>
      </attribute>
    </attributes>
  </object>
  <object>
    <name>TUBERIA INCRUSTADA</name>
    <truncated>0</truncated>
    <occluded>0</occluded>
    <difficult>0</difficult>
    <bndbox>
      <xmin>62.13</xmin>
      <ymin>209.38</ymin>
      <xmax>99.2</xmax>
      <ymax>242.33</ymax>
    </bndbox>
    <attributes>
      <attribute>
        <name>rotation</name>
        <value>0.0</value>
      </attribute>
    </attributes>
  </object>
</annotation>
