<annotation>
  <folder>DATA3</folder>
  <filename>DATA3_TUBERIASINCRUSTADAS_TEST28.jpg</filename>
  <source>
    <database>Unknown</database>
    <annotation>Unknown</annotation>
    <image>Unknown</image>
  </source>
  <size>
    <width>416</width>
    <height>416</height>
    <depth></depth>
  </size>
  <segmented>0</segmented>
  <object>
    <name>TUBERIA INCRUSTADA</name>
    <truncated>0</truncated>
    <occluded>0</occluded>
    <difficult>0</difficult>
    <bndbox>
      <xmin>62.75</xmin>
      <ymin>13.67</ymin>
      <xmax>412.92</xmax>
      <ymax>63.85</ymax>
    </bndbox>
    <attributes>
      <attribute>
        <name>rotation</name>
        <value>0.0</value>
      </attribute>
    </attributes>
  </object>
</annotation>
