<annotation>
  <folder>DATA2</folder>
  <filename>DATA2_ESCOMBROS_TRAIN105.jpg</filename>
  <source>
    <database>Unknown</database>
    <annotation>Unknown</annotation>
    <image>Unknown</image>
  </source>
  <size>
    <width>640</width>
    <height>640</height>
    <depth></depth>
  </size>
  <segmented>0</segmented>
  <object>
    <name>Escombros</name>
    <truncated>0</truncated>
    <occluded>0</occluded>
    <difficult>0</difficult>
    <bndbox>
      <xmin>180.6</xmin>
      <ymin>474.18</ymin>
      <xmax>225.99</xmax>
      <ymax>509.0</ymax>
    </bndbox>
    <attributes>
      <attribute>
        <name>rotation</name>
        <value>0.0</value>
      </attribute>
    </attributes>
  </object>
  <object>
    <name>Escombros</name>
    <truncated>0</truncated>
    <occluded>0</occluded>
    <difficult>0</difficult>
    <bndbox>
      <xmin>316.82</xmin>
      <ymin>554.44</ymin>
      <xmax>361.2</xmax>
      <ymax>599.85</ymax>
    </bndbox>
    <attributes>
      <attribute>
        <name>rotation</name>
        <value>0.0</value>
      </attribute>
    </attributes>
  </object>
  <object>
    <name>Escombros</name>
    <truncated>0</truncated>
    <occluded>0</occluded>
    <difficult>0</difficult>
    <bndbox>
      <xmin>69.69</xmin>
      <ymin>485.8</ymin>
      <xmax>103.49</xmax>
      <ymax>515.37</ymax>
    </bndbox>
    <attributes>
      <attribute>
        <name>rotation</name>
        <value>0.0</value>
      </attribute>
    </attributes>
  </object>
  <object>
    <name>Escombros</name>
    <truncated>0</truncated>
    <occluded>0</occluded>
    <difficult>0</difficult>
    <bndbox>
      <xmin>102.4</xmin>
      <ymin>519.6</ymin>
      <xmax>171.08</xmax>
      <ymax>561.84</ymax>
    </bndbox>
    <attributes>
      <attribute>
        <name>rotation</name>
        <value>0.0</value>
      </attribute>
    </attributes>
  </object>
</annotation>
