<annotation>
  <folder>DATA2</folder>
  <filename>DATA2_ESCOMBROS_TRAIN101.jpg</filename>
  <source>
    <database>Unknown</database>
    <annotation>Unknown</annotation>
    <image>Unknown</image>
  </source>
  <size>
    <width>640</width>
    <height>640</height>
    <depth></depth>
  </size>
  <segmented>0</segmented>
  <object>
    <name>Escombros</name>
    <truncated>0</truncated>
    <occluded>0</occluded>
    <difficult>0</difficult>
    <bndbox>
      <xmin>356.95</xmin>
      <ymin>441.44</ymin>
      <xmax>628.37</xmax>
      <ymax>625.2</ymax>
    </bndbox>
    <attributes>
      <attribute>
        <name>rotation</name>
        <value>0.0</value>
      </attribute>
    </attributes>
  </object>
  <object>
    <name>Escombros</name>
    <truncated>0</truncated>
    <occluded>0</occluded>
    <difficult>0</difficult>
    <bndbox>
      <xmin>404.47</xmin>
      <ymin>323.16</ymin>
      <xmax>525.9</xmax>
      <ymax>415.04</ymax>
    </bndbox>
    <attributes>
      <attribute>
        <name>rotation</name>
        <value>0.0</value>
      </attribute>
    </attributes>
  </object>
</annotation>
