<annotation>
  <folder>DATA2</folder>
  <filename>DATA2_ESCOMBROS_TRAIN112.jpg</filename>
  <source>
    <database>Unknown</database>
    <annotation>Unknown</annotation>
    <image>Unknown</image>
  </source>
  <size>
    <width>640</width>
    <height>640</height>
    <depth></depth>
  </size>
  <segmented>0</segmented>
  <object>
    <name>Escombros</name>
    <truncated>0</truncated>
    <occluded>0</occluded>
    <difficult>0</difficult>
    <bndbox>
      <xmin>199.59</xmin>
      <ymin>389.69</ymin>
      <xmax>315.76</xmax>
      <ymax>519.59</ymax>
    </bndbox>
    <attributes>
      <attribute>
        <name>rotation</name>
        <value>0.0</value>
      </attribute>
    </attributes>
  </object>
  <object>
    <name>Escombros</name>
    <truncated>0</truncated>
    <occluded>0</occluded>
    <difficult>0</difficult>
    <bndbox>
      <xmin>198.53</xmin>
      <ymin>327.38</ymin>
      <xmax>251.34</xmax>
      <ymax>378.07</ymax>
    </bndbox>
    <attributes>
      <attribute>
        <name>rotation</name>
        <value>0.0</value>
      </attribute>
    </attributes>
  </object>
  <object>
    <name>Escombros</name>
    <truncated>0</truncated>
    <occluded>0</occluded>
    <difficult>0</difficult>
    <bndbox>
      <xmin>117.21</xmin>
      <ymin>390.75</ymin>
      <xmax>185.86</xmax>
      <ymax>501.64</ymax>
    </bndbox>
    <attributes>
      <attribute>
        <name>rotation</name>
        <value>0.0</value>
      </attribute>
    </attributes>
  </object>
  <object>
    <name>Escombros</name>
    <truncated>0</truncated>
    <occluded>0</occluded>
    <difficult>0</difficult>
    <bndbox>
      <xmin>168.96</xmin>
      <ymin>532.26</ymin>
      <xmax>341.11</xmax>
      <ymax>629.43</ymax>
    </bndbox>
    <attributes>
      <attribute>
        <name>rotation</name>
        <value>0.0</value>
      </attribute>
    </attributes>
  </object>
</annotation>
